{"cameraMode":{"drawMode":0,"name":"Shaded","section":"Shading Mode"},"sceneLighting":false,"audioPlay":false,"sceneViewState":{"showFog":false,"showMaterialUpdate":false,"showSkybox":false,"showFlares":true,"showImageEffects":true,"showParticleSystems":true,"showVisualEffectGraphs":true,"m_FxEnabled":true},"in2DMode":false,"pivot":{"x":0.08400559425354004,"y":0.2850459814071655,"z":-0.00959324836730957},"rotation":{"x":0.32553189992904665,"y":0.6081286072731018,"z":-0.30053961277008059,"w":0.6586994528770447},"size":0.9393090009689331,"orthographic":false}